source;target
cf_7;df_3
cf_8;df_3
cf_9;df_3
cf_11;df_3
cf_14;df_3
cf_16;df_3
cf_18;df_3
cf_19;df_3
cf_20;df_3
cf_21;df_3
cf_22;df_3
cf_26;df_3
cf_29;df_3
cf_30;df_3
cf_31;df_3
cf_32;df_3
cf_34;df_3
cf_37;df_3
cf_39;df_3
cf_40;df_3
cf_51;df_3
cf_54;df_3
cf_60;df_3
cf_61;df_3
cf_63;df_3
cf_65;df_3
cf_66;df_3
cf_67;df_3
cf_70;df_3
cf_71;df_3
cf_72;df_3
cf_73;df_3
cf_74;df_3
cf_79;df_3
cf_80;df_3
cf_83;df_3
cf_84;df_3
cf_85;df_3
cf_87;df_3
cf_91;df_3
cf_92;df_3
cf_94;df_3
cf_95;df_3
cf_96;df_3
cf_98;df_3
cf_11;df_2
cf_12;df_2
cf_14;df_2
cf_15;df_2
cf_16;df_2
cf_17;df_2
cf_18;df_2
cf_19;df_2
cf_20;df_2
cf_21;df_2
cf_23;df_2
cf_26;df_2
cf_27;df_2
cf_29;df_2
cf_34;df_2
cf_35;df_2
cf_39;df_2
cf_42;df_2
cf_43;df_2
cf_47;df_2
cf_48;df_2
cf_49;df_2
cf_50;df_2
cf_52;df_2
cf_55;df_2
cf_60;df_2
cf_61;df_2
cf_63;df_2
cf_64;df_2
cf_65;df_2
cf_66;df_2
cf_67;df_2
cf_69;df_2
cf_75;df_2
cf_76;df_2
cf_79;df_2
cf_80;df_2
cf_81;df_2
cf_82;df_2
cf_85;df_2
cf_86;df_2
cf_92;df_2
cf_97;df_2
cf_7;df_11
cf_8;df_11
cf_9;df_11
cf_10;df_11
cf_11;df_11
cf_13;df_11
cf_14;df_11
cf_18;df_11
cf_19;df_11
cf_20;df_11
cf_21;df_11
cf_24;df_11
cf_25;df_11
cf_26;df_11
cf_31;df_11
cf_34;df_11
cf_35;df_11
cf_36;df_11
cf_38;df_11
cf_39;df_11
cf_43;df_11
cf_45;df_11
cf_51;df_11
cf_52;df_11
cf_63;df_11
cf_65;df_11
cf_66;df_11
cf_71;df_11
cf_72;df_11
cf_73;df_11
cf_74;df_11
cf_76;df_11
cf_79;df_11
cf_81;df_11
cf_83;df_11
cf_85;df_11
cf_90;df_11
cf_92;df_11
cf_98;df_11
cf_99;df_11